partid,hash
P225,null
P230,null
P41,null
P23,null
P20,null
P79,null
P114,null
P165,null
P0,null
P147,null
P211,null
P185,null
P210,null
P21,null
P162,null
P217,null
P51,null
P191,null
P48,null
P238,null
P231,null
P212,null
P88,null
P209,null
P9,null
P220,null
P182,null
P228,null
P244,null
P181,null
P139,null
P124,null
P246,null
P2,null
P97,null
P193,null
P119,null
P195,null
P74,null
P133,null
P30,null
P121,null
P134,null
P207,null
P235,null
P132,null
P46,null
P78,null
P141,null
P243,null
P52,null
P143,null
P176,null
P222,null
P101,null
P45,null
P55,null
P70,null
P115,null
P69,null
P136,null
P31,null
P175,null
P240,null
P242,null
P64,null
P233,null
P216,null
P172,null
P90,null
P61,null
P76,null
P190,null
P77,null
P203,null
P135,null
P4,null
P122,null
P140,null
P205,null
P206,null
P68,null
P248,null
P236,null
P5,null
P234,null
P215,null
P166,null
P117,null
P37,null
P32,null
P42,null
P7,null
P65,null
P84,null
P160,null
P192,null
P232,null
P247,null
P106,null
P87,null
P93,null
P105,null
P16,null
P169,null
P73,null
P149,null
P130,null
P204,null
P85,null
P123,null
P50,null
P17,null
P62,null
P39,null
P111,null
P36,null
P146,null
P125,null
P99,null
P237,null
P184,null
P213,null
P113,null
P109,null
P11,null
P151,null
P100,null
P127,null
P118,null
P221,null
P158,null
P103,null
P183,null
P154,null
P38,null
P59,null
P214,null
P92,null
P110,null
P180,null
P159,null
P245,null
P156,null
P227,null
P60,null
P96,null
P168,null
P137,null
P129,null
P10,null
P27,null
P28,null
P33,null
P196,null
P14,null
P66,null
P56,null
P71,null
P53,null
P170,null
P187,null
P171,null
P26,null
P80,null
P150,null
P95,null
P197,null
P6,null
P15,null
P178,null
P86,null
P22,null
P223,null
P58,null
P177,null
P188,null
P239,null
P12,null
P47,null
P57,null
P208,null
P89,null
P34,null
P83,null
P49,null
P1,null
P44,null
P63,null
P98,null
P229,null
P29,null
P163,null
P67,null
P35,null
P94,null
P24,null
P161,null
P81,null
P112,null
P131,null
P155,null
P201,null
P142,null
P174,null
P148,null
P202,null
P116,null
P144,null
P219,null
P153,null
P13,null
P82,null
P224,null
P189,null
P108,null
P19,null
P173,null
P128,null
P198,null
P138,null
P218,null
P43,null
P164,null
P40,null
P120,null
P126,null
P200,null
P8,null
P145,null
P54,null
P107,null
P152,null
P157,null
P102,null
P179,null
P25,null
P75,null
P186,null
P3,null
P226,null
P241,null
P91,null
P194,null
P72,null
P167,null
P199,null
P104,null
P18,null
